symbol,sector
20MICRONS,Chemicals
21STCENMGM,Finserv
360ONE,Amc
3IINFOLTD,It
3MINDIA,Fmcg
3PLAND,Construction
5PAISA,Broking
63MOONS,Capital Market
A2ZINFRA,Infra
AAATECH,It
AADHARHFC,Nbfc
AAKASH,Oil & Gas
AAREYDRUGS,Pharma
AARNAV,Textiles
AARTIDRUGS,Pharma
AARTIIND,Chemicals
AARTIPHARM,Pharma
AARTISURF,Surfactants
AARVEEDEN,Textiles
AAVAS,Nbfc
ABAN,Oil Exploration
ABB,Manufacturing
ABBOTINDIA,Pharma
ABCAPITAL,Nbfc
ABCOTS,Textiles
ABDL,Alcohol
ABFRL,Retail
ABGSEC,It
ABIN-RE1,Epc
ABINFRA,Epc
ABLBL,Retail
ABREL,Construction
ABSL10BANK,Etf
ABSLAMC,Amc
ABSLBANETF,Etf
ABSLLIQUID,Etf
ABSLMSCIN,It
ABSLNN50ET,Etf
ABSLPSE,Etf
ACC,Cement
ACCELYA,It
ACCURACY,Logistics
ACE,Auto
ACI,Chemicals
ACL,Cement
ACLGATI,Logistics
ACMESOLAR,Solar
ACUTAAS,Pharma
ADANIENSOL,Power Dist
ADANIENT,Conglomerate
ADANIGREEN,Renewable
ADANIPORTS,Ports
ADANIPOWER,Power
ADFFOODS,Fmcg
ADROITINFO,It
ADSL,It
ADVANCE,Fertilisers
ADVANIHOTR,Hotels
ADVENZYMES,Pharma
AEGISCHEM,Logistics
AEGISLOG,Logistics
AEGISVOPAK,Port
AEQUS,Defense
AEROFLEX,Steel Pipes
AETHER,Chemicals
AFCONS,Construction
AFFLE,It
AFIL,Finserv
AFSL,Finserv
AGARIND,Chemicals
AGARWALEYE,Hospital
AGI,Glass
AGIIL,Real Estate
AGROPHOS,Fertilisers
AGSTRA,Finserv
AHCL,Pharma
AHL,Holding
AHLEAST,Hotels
AHLUCONT,Construction
AHLWEST,Hotels
AIAENG,Mining
AIIL,Nbfc
AIRAN,It
AJANTPHARM,Pharma
AJAXENGG,Construction
AJMERA,Construction
AKASH,Epc
AKSHAR,Textiles
AKSHARCHEM,Chemicals
AKSHOPTFBR,Cable
AKUMS,Pharma
AKZOINDIA,Paints
ALBERTDAVD,Pharma
ALEMBICLTD,Chemicals
ALGOQUANT,Finserv
ALIVUS,Pharma
ALKALI,Chemicals
ALKEM,Pharma
ALKYLAMINE,Pharma
ALLCARGO,Logistics
ALLSEC,Bpo
ALMONDZ,Finserv
ALOKINDS,Textiles
ALPA,Pharma
ALPHA,It
ALPHAETF,Etf
ALPHAGEO,Oil & Gas
ALPL30IETF,Etf
ALPSINDUS,Textiles
AMAGI,It
AMANTA,Pharma
AMBER,Ems
AMBICAAGAR,Sugar
AMBIKCO,Cotton
AMBUJACEM,Cement
AMIORG,Chemicals
AMIRCHAND,Food Processing
AMJLAND,Construction
AMNPLST,Chemicals
AMRUTANJAN,Fmcg
ANANDRATHI,Amc
ANANTRAJ,Construction
ANDHRAPAP,Paper
ANDHRSUGAR,Sugar
ANGELONE,Broking
ANKITMETAL,Steel
ANTELOPUS,Oil
ANTHEM,Pharma
ANUHPHR,Pharma
ANUP,Hvac
ANURAS,Chemicals
AONEGOLD,Etf
AONELIQUID,Etf
AONENIFTY,Etf
AONESILVER,Etf
AONETMMQ50,It
AONETOTAL,It
APARINDS,Power Equipment
APCL,Cement
APCOTEXIND,Chemicals
APEX,Aquaculture
APLAPOLLO,Steel Pipes
APLLTD,Pharma
APOLLO,Defense
APOLLOHOSP,Hospital
APOLLOPIPE,Pvc Pipes
APOLLOTYRE,Tyres
APOLSINHOT,Hospital
APTECHT,It
APTUS,Nbfc
ARCHIDPLY,Plywood
ARE&M,Battery
ARENTERP,Metals
ARFIN,Metals
ARIES,Fertilisers
ARIHANTCAP,Finserv
ARIHANTSUP,Real Estate
ARIS,Epc
ARKADE,Real Estate
ARMANFIN,Nbfc
ARROWGREEN,Packaging
ARSHIYA,Infra
ARSSBL,Broking
ARSSINFRA,Infra
ARTEMISMED,Hospital
ARTNIRMAN,Construction
ARVEE,Pharma
ARVIND,Textiles
ARVINDFASN,Clothing
ARVSMART,Construction
ASAHIINDIA,Glass
ASAHISONG,Pigments
ASAL,Alcohol
ASALCBR,Auto Ancillary
ASHAPURMIN,Metal
ASHIANA,Construction
ASHIMASYN,Textiles
ASHOKA,Construction
ASHOKAMET,Metals
ASHOKLEY,Auto
ASIANENE,Oil & Gas
ASIANHOTNR,Hotels
ASIANPAINT,Paints
ASIANTILES,Tiles
ASKAUTOLTD,Auto Ancillary
ASMS,It
ASPINWALL,Logistics
ASTEC,Agrochem
ASTERDM,Hospital
ASTRAL,Pvc Pipes
ASTRAMICRO,Defense
ASTRAZEN,Pharma
ASTRON,Paper
ATALREAL,Construction
ATFL,Fmcg
ATGL,Gas
ATHERENERG,Auto
ATL,Ports
ATLANTAA,Infrastructure
ATLANTAELE,Transformers
ATUL,Chemicals
ATULAUTO,Auto
AUBANK,Banking
AURIONPRO,It
AUROPHARMA,Pharma
AURUM,Finserv
AUSOMENT,Media
AUTOAXLES,Auto Ancillary
AUTOBEES,Etf
AUTOIETF,Etf
AUTOIND,Auto Ancillary
AVADHSUGAR,Sugar
AVALON,Ems
AVANTEL,Telecom
AVANTIFEED,Aquaculture
AVG,Logistics
AVL,Retail
AVONMORE,Finserv
AVTNPL,Food Processing
AWFIS,It
AWHCL,Sewage
AWL,Fmcg
AXISBANK,Banking
AXISBNKETF,Etf
AXISBPSETF,Etf
AXISCADES,Engineering
AXISCETF,Etf
AXISGOLD,Etf
AXISHCETF,Etf
AXISILVER,Etf
AXISNIFTY,Etf
AXISTECETF,Etf
AXISVALUE,Etf
AXITA,Cotton
AXSENSEX,Etf
AYE,Finserv
AYMSYNTEX,Textiles
AZAD,Engineering
BAFNAPH,Pharma
BAGFILMS,Media
BAIDFIN,Nbfc
BAJAJ-AUTO,Auto
BAJAJCON,Fmcg
BAJAJELEC,Consumer Durables
BAJAJFINSV,Insurance
BAJAJHCARE,Pharma
BAJAJHFL,Nbfc
BAJAJHIND,Sugar
BAJAJHLDNG,Holding
BAJEL,Infra
BAJFINANCE,Nbfc
BALAJITELE,Media
BALAMINES,Pharma
BALAXI,Pharma
BALKRISHNA,Paper
BALKRISIND,Tyres
BALMLAWRIE,Misc
BALPHARMA,Pharma
BALRAMCHIN,Sugar
BALUFORGE,Forging
BANARISUG,Sugar
BANCOINDIA,Auto Ancillary
BANDHANBNK,Banking
BANG,Clothing
BANK10ADD,Etf
BANKA,Toilets
BANKADD,Etf
BANKBARODA,Banking
BANKBEES,Etf
BANKBETA,Etf
BANKBETF,Etf
BANKETF,Etf
BANKIETF,Etf
BANKINDIA,Banking
BANKNIFTY1,Etf
BANKPSU,Etf
BANSALWIRE,Wires
BANSWRAS,Textiles
BARBEQUE,Restaurant
BASF,Chemicals
BASML,Textiles
BASML-RE1,Textiles
BATAINDIA,Footwear
BAYERCROP,Agrochem
BBETF0432,Etf
BBL,Power Equipment
BBNPNBETF,Etf
BBNPPGOLD,Etf
BBOX,Datacentre
BBTC,Conglomerate
BCG,It
BCLIND,Fmcg
BCONCEPTS,Retail
BCPL,Epc
BDL,Defense
BECTORFOOD,Fmcg
BEDMUTHA,Steel Wires
BEL,Defense
BELLACASA,Textiles
BELRISE,Auto Ancillary
BEML,Engineering
BEPL,Abs
BERGEPAINT,Paints
BESTAGRO,Agrochem
BETA,Pharma
BFINVEST,Holding
BFSI,It
BFUTILITIE,Infra
BGRENERGY,Epc
BHAGCHEM,Chemicals
BHAGERIA,Chemicals
BHAGYANGR,Copper
BHANDA-RE2,Textiles
BHANDARI,Garment
BHARATCOAL,Coal
BHARATFORG,Auto Ancillary
BHARATGEAR,Auto Ancillary
BHARATRAS,Agrochem
BHARATSE,Auto Ancillary
BHARATWIRE,Steel Wires
BHARTIARTL,Telecom
BHARTIHEXA,Telecom
BHEL,Engineering
BIGBLOC,Construction
BIKAJI,Fmcg
BIL,Leather
BILVYAPAR,Finserv
BINANIIND,Cement
BIOCON,Pharma
BIOFILCHEM,Chemicals
BIRLACABLE,Cable
BIRLACORPN,Cement
BIRLAMONEY,Broking
BLACKBUCK,Logistics
BLAL,Construction
BLBLIMITED,Finserv
BLISSGVS,Pharma
BLKASHYAP,Construction
BLS,Bpo
BLSE,Bpo
BLUECHIP,Finserv
BLUECOAST,Hotels
BLUEDART,Logistics
BLUEJET,Pharma
BLUESTARCO,Consumer Durable
BLUESTONE,Jewellers
BMWVENTLTD,Metals
BODALCHEM,Chemicals
BOHRAIND,Fertilisers
BOMDYEING,Textiles
BONLON,Metals
BORANA,Textiles
BOROLTD,Fmcg
BORORENEW,Renewable
BOSCHLTD,Auto Ancillary
BPCL,Petrochem
BPL,Consumer Durables
BRIGADE,Construction
BRIGHOTEL,Hotels
BRITANNIA,Fmcg
BRNL,Epc
BROOKS,Pharma
BSE,Capital Market
BSE500IETF,Etf
BSL,Textiles
BSLGOLDETF,Etf
BSLNIFTY,Etf
BSLSENETFG,Etf
BSOFT,It
BURNPUR,Cement
BUTTERFLY,Consumer Durables
BVCL,Cement
BYKE,Hotels
CALSOFT,It
CAMLINFINE,Chemicals
CAMPUS,Footwear
CAMS,Financial Services
CANBK,Banking
CANFINHOME,Nbfc
CANHLIFE,Life Insurance
CANTABIL,Clothing
CAPACITE,Infra
CAPILLARY,It
CAPITALSFB,Banking
CAPLIPOINT,Pharma
CAPTRU-RE1,Finserv
CAPTRUST,Finserv
CARBORUNIV,Abrasives
CAREERP,It
CARERATING,Rating
CARTRADE,Auto
CASHIETF,Etf
CASTROLIND,Lubricants
CCCL,Real Estate
CCL,Coffee
CDSL,Capital Market
CEATLTD,Tyres
CEIGALL,Infra
CEINSYS,It
CELEBRITY,Clothing
CELLO,Consumer Durables
CEMPRO,Epc
CENTENKA,Textiles
CENTRALBK,Banking
CENTRUM,Financial Services
CENTUM,Ems
CENTURYPLY,Plywood
CERA,Building Materials
CEREBRAINT,It
CESC,Power
CEWATER,Power
CGCL,Nbfc
CGPOWER,Power
CHALET,Hotels
CHAMBLFERT,Fertilisers
CHEMBOND,Chemicals
CHEMBONDCH,Chemicals
CHEMCON,Chemicals
CHEMFAB,Chemicals
CHEMICAL,It
CHEMPLASTS,Chemicals
CHENNPETRO,Petrochemicals
CHEVIOT,Paper
CHOICEGOLD,Etf
CHOICEIN,Broking
CHOLAFIN,Nbfc
CHOLAHLDNG,Holding
CIEINDIA,Auto Ancillary
CIFL,Finserv
CIGNITITEC,It
CINELINE,Construction
CINEVISTA,Media
CIPLA,Pharma
CLCIND,Textiles
CLEAN,Chemicals
CLEANMAX,Power
CLEDUCATE,Education
CMPDI,Coal
CMSINFO,Cash Management
COALINDIA,Coal
COASTCORP,Aquaculture
COCHINSHIP,Shipbuilder
COFFEEDAY,Fastfood
COFORGE,It
COHANCE,Pharma
COLPAL,Fmcg
COMMOIETF,Etf
COMPUSOFT,It
CONCOR,Logistics
CONCORDBIO,Pharma
CONFIPET,Petrochem
CONS,It
CONSOFINVT,Finserv
CONSUMBEES,Etf
CONSUMER,It
CONSUMIETF,Etf
CONTROLPR,It
COROMANDEL,Fertilisers
CORONA,Pharma
COSMOFIRST,Packaging
COUNCODOS,Real Estate
CPCAP,Finserv
CPPLUS,Security
CPSEETF,Etf
CRAFTSMAN,Auto Ancillary
CRAMC,It
CREATIVE,Media
CREATIVEYE,Media
CREDITACC,Nbfc
CREST,Finserv
CRISIL,Rating
CRIZAC,Retail
CROMPTON,Consumer Durables
CSBBANK,Banking
CSLFINANCE,Nbfc
CTE,It
CUB,Banking
CUMMINSIND,Power Equipment
CUPID,Pharma
CURAA,It
CYBERMEDIA,Media
CYBERTECH,It
CYIENT,It
CYIENTDLM,It
DABUR,Fmcg
DALBHARAT,Cement
DALMIASUG,Sugar
DAMCAPITAL,Nbfc
DAMODARIND,Textiles
DANGEE,Ecommerce
DATAMATICS,It
DATAPATTNS,Defense
DAVAN-RE1,Diversified
DAVANGERE,Sugar
DBCORP,Media
DBEIL,Epc
DBL,Construction
DBREALTY,Construction
DBSTOCKBRO,It
DCAL,Pharma
DCBBANK,Banking
DCI,It
DCM,Consumer Durables
DCMFINSERV,Nbfc
DCMNVL,Textiles
DCMSHRIRAM,Fertilisers
DCMSIL,Textiles
DCW,Chemicals
DCXINDIA,Defense
DDEVPLSTIK,Chemicals
DECCANCE,Cement
DEEDEV,Steel Pipes
DEEPAKFERT,Chemicals
DEEPAKNTR,Chemicals
DEEPENR,Oil & Gas
DEEPINDS,Oil Exploration
DEFENCE,It
DELHIVERY,Logistics
DELPHIFX,Foriegn Exchange
DELTACORP,Gaming
DELTAMAGNT,Magnet
DEN,Broadband
DENTA,Epc
DEVIT,It
DEVYANI,Restaurant
DGCONTENT,Media
DHAMPURSUG,Sugar
DHANBANK,Banking
DHANI,Nbfc
DHANUKA,Pesticide
DHARAN,Real Estate
DHARMAJ,Agrochem
DHUNINV,Finserv
DIACABS,Cable
DIAMINESQ,Chemicals
DIAMONDYD,Fmcg
DICIND,Chemicals
DIGIDRIVE,Retail
DIGISPICE,It
DIGITIDE,It
DIGJAMLMTD,Textiles
DISHTV,Broadband
DIVGIITTS,Auto Ancillary
DIVIDEND,It
DIVISLAB,Pharma
DIVOPPBEES,Etf
DIXON,Ems
DJML,Logistics
DLF,Construction
DLINKINDIA,Electronics
DMART,Retail
DMCC,Chemicals
DNAMEDIA,Media
DODLA,Milk
DOLATALGO,Amc
DOLLAR,Clothing
DOLPHIN,Infra
DOMS,Stationery
DONEAR,Textiles
DPABHUSHAN,Jewellers
DPSCLTD,Power Dist
DPWIRES,Wires
DRCSYSTEMS,It
DREAMFOLKS,Airport Management
DREDGECORP,Marine Eng
DRREDDY,Pharma
DSFCL,Chemicals
DSSL,It
DUCON,Epc
DVL,Diversified
DWARKESH,Sugar
DYCL,Cable
DYNAMATECH,Engineering
DYNPRO,Chemicals
E2E,It
EASEMYTRIP,Travel
EASTSILK,Textiles
EBANKNIFTY,Etf
EBBETF0425,Etf
EBBETF0431,Etf
EBBETF0433,Etf
EBGNG,It
ECAPINSURE,It
ECLERX,Bpo
ECOSMOBLTY,Car Rental
EDELWEISS,Financial Services
EGOLD,Etf
EICHERMOT,Auto
EIDPARRY,Sugar
EIEL,Sewage
EIHAHOTELS,Hotels
EIHOTEL,Hotels
EKC,Cylinders
ELDEHSG,Construction
ELECON,Power Equipment
ELECTCAST,Steel Pipes
ELGIEQUIP,Manufacturing
ELIN,Ems
ELIQUID,Etf
ELLEN,Chemicals
ELM250,It
EMAMILTD,Fmcg
EMAMIPAP,Paper
EMAMIREAL,Real Estate
EMBDL,Construction
EMCURE,Pharma
EMIL,Radio
EMKAY,Financial Services
EMSLIMITED,Sewage
EMUDHRA,It
EMULTIMQ,It
ENDURANCE,Auto Ancillary
ENERGY,It
ENERGYDEV,Power
ENGINERSIN,Engineering
ENIFTY,Etf
ENIL,Media
ENRIN,Power
ENTERO,Pharma
EPACK,Ems
EPACKPEB,Building Materials
EPIGRAL,Chemicals
EPL,Packaging
EQUAL200,Etf
EQUAL50,Etf
EQUAL50ADD,Etf
EQUIPPP,It
EQUITASBNK,Banking
ERIS,Pharma
EROSMEDIA,Entertainment
ESABINDIA,Industrial
ESAFSFB,Banking
ESCORTS,Auto
ESENSEX,Etf
ESG,It
ESILVER,Etf
ESSARSHPNG,Shipping
ESSEN-RE2,Textiles
ETERNAL,Retail
ETHOSLTD,Retail
EUROPRATIK,Building Materials
EUROTEXIND,Textiles
EVEREADY,Consumer Durables
EVERESTIND,Building Materials
EVIETF,Etf
EVINDIA,It
EXCEL,Infra
EXCELINDUS,Chemicals
EXCELSOFT,It
EXICOM,Ev
EXIDEIND,Battery
EXPLEOSOL,It
EXXARO,Tiles
FABTECH,Construction
FACT,Fertilisers
FAIRCHEMOR,Chemicals
FAZE3Q,Textiles
FCL,Chemicals
FCONSUMER,Retail
FCSSOFT,It
FDC,Pharma
FEDERALBNK,Banking
FEDFINA,Nbfc
FELDVR,Retail
FIBERWEB,Textiles
FIEMIND,Auto Ancillary
FILATEX,Textiles
FILATFASH,Clothing
FINCABLES,Cable
FINEORG,Chemicals
FINIETF,Etf
FINKURVE,Finserv
FINOPB,Banking
FINPIPE,Pvc Pipes
FIRSTCRY,Retail
FISCHER,Healthcare
FIVESTAR,Nbfc
FLAIR,Stationery
FLEXIADD,It
FLEXITUFF,Textiles
FLUOROCHEM,Chemicals
FMCGIETF,Etf
FMGOETZE,Auto Ancillary
FOCUS,Media
FORCEMOT,Auto
FORTIS,Hospital
FOSECOIND,Chemicals
FRACTAL,It
FSL,Bpo
FUSION,Nbfc
GABRIEL,Auto Ancillary
GACMDVR-RE,Finserv
GAEL,Food Processing
GAIL,Gas
GALAXYSURF,Surfactants
GALLANTT,Metal
GANDHAR,Oil & Gas
GANDHITUBE,Steel Pipes
GANECOS,Recycling
GANESHBE,Bearing
GANESHHOU,Real Estate
GANESHHOUC,Nbfc
GARFIBRES,Fibres
GARUDA,Construction
GATECH,Finserv
GATECH-RE,Finserv
GATECH-RE1,Finserv
GATECHDVR,Finserv
GATEWAY,Logistics
GAUDIUMIVF,Healthcare
GAYAHWS,Infrastructure
GCSL,It
GEECEE,Real Estate
GEEKAYWIRE,Steel Wires
GEMAROMA,Chemicals
GENCON,Real Estate
GENESYS,It
GENUSPAPER,Paper
GENUSPOWER,Power Equipment
GEOJITFSL,Broking
GEPIL,Waste Management
GESHIP,Shipping
GET&D,Power
GFLLIMITED,Holding
GFSTEELS,Steel
GHCL,Chemicals
GHCLTEXTIL,Textiles
GICHSGFIN,Nbfc
GICL,Logistics
GICRE,Insurance
GILLETTE,Fmcg
GILT10BETA,Etf
GILT5BETA,Etf
GILT5YBEES,Etf
GINNIFILA,Textiles
GIPCL,Power
GKENERGY,Epc
GKSL,Healthcare
GKWLIMITED,Finserv
GLAND,Pharma
GLAXO,Pharma
GLENMARK,Pharma
GLFL,Nbfc
GLOBALE,Textiles
GLOBALVECT,Logistics
GLOBE,Textiles
GLOBE-RE1,Textiles
GLOBECIVIL,Epc
GLOBUSSPR,Alcohol
GLOSTERLTD,Paper
GLOTTIS,Logistics
GLS,Pharma
GMBREW,Alcohol
GMDCLTD,Metal
GMMPFAUDLR,Chemicals
GMRAIRPORT,Airport
GMRINFRA,Infra
GMRP&UI,Infra
GNA,Auto Ancillary
GNFC,Fertilisers
GOACARBON,Carbon Black
GOCLCORP,Chemicals
GOCOLORS,Clothing
GODAVARIB,Diversified
GODFRYPHLP,Fmcg
GODIGIT,Insurance
GODREJAGRO,Fmcg
GODREJCP,Fmcg
GODREJIND,Chemicals
GODREJPROP,Construction
GOKEX,Textiles
GOKULAGRO,Fmcg
GOLD1,Etf
GOLD360,Etf
GOLDADD,Etf
GOLDBEES,Etf
GOLDBETA,Etf
GOLDBND,Etf
GOLDCASE,Etf
GOLDETF,Etf
GOLDIAM,Jewellers
GOLDIETF,Etf
GOLDTECH,Etf
GOODLUCK,Steel
GOPAL,Fmcg
GOYALALUM,Aluminium
GPIL,Power
GPPL,Ports
GPTHEALTH,Hospital
GPTINFRA,Infra
GRANULES,Pharma
GRAPHITE,Graphite
GRASIM,Cement
GRAVITA,Recycling
GREAVESCOT,Auto
GREEN-RE1,Power
GREENLAM,Laminates
GREENPANEL,Renewable
GREENPLY,Plywood
GREENPOWER,Renewable
GRINDWELL,Abrasives
GRINFRA,Infra
GRMOVER,Fmcg
GROWW,Broking
GROWWCAPM,It
GROWWCHEM,It
GROWWDEFNC,It
GROWWEV,Etf
GROWWGOLD,Etf
GROWWHOSPI,It
GROWWLIQID,It
GROWWLOVOL,It
GROWWMC150,It
GROWWMETAL,It
GROWWMOM50,Etf
GROWWN200,It
GROWWNET,It
GROWWNIFTY,Etf
GROWWNXT50,It
GROWWPOWER,It
GROWWPSE,Etf
GROWWPSUBK,Etf
GROWWRAIL,It
GROWWRLTY,It
GROWWSC250,It
GROWWSLVR,It
GRPLTD,Tyres
GRSE,Shipbuilder
GRWRHITECH,Wires
GSEC10ABSL,It
GSEC10IETF,Etf
GSEC10YEAR,It
GSEC5IETF,Etf
GSFC,Fertilisers
GSPCROP,Fertilisers
GSPL,Petrochem
GSS,It
GTL,Telecom Services
GTLINFRA,Towers
GTPL,Broadband
GUFICBIO,Pharma
GUJALKALI,Chemicals
GUJAPOLLO,Steel Pipes
GUJGASLTD,Gas
GUJTHEM,Pharma
GULFOILLUB,Lubricants
GULFPETRO,Petrochem
GULPOLY,Chemicals
GVKPIL,Epc
GVPTECH,It
GVT&D,Power Equipment
HAL,Defense
HALEOSLABS,Pharma
HAPPSTMNDS,It
HAPPYFORGE,Auto Ancillary
HARDWYN,Building Materials
HARIOMPIPE,Steel Pipes
HARRMALAYA,Tea
HARSHA,Engineering
HATHWAY,Broadband
HATSUN,Milk
HAVELLS,Consumer Durables
HBLENGINE,Power Equipment
HBLPOWER,Power Equipment
HBSL,Finserv
HCC,Construction
HCC-RE1,Epc
HCG,Hospital
HCG-RE,Healthcare
HCL-INSYS,Hardware
HCLTECH,It
HDBFS,Finserv
HDFCAMC,Amc
HDFCBANK,Banking
HDFCBSE500,It
HDFCGOLD,Etf
HDFCGROWTH,It
HDFCLIFE,Life Insurance
HDFCLIQUID,Etf
HDFCLOWVOL,Etf
HDFCMID150,Etf
HDFCMOMENT,Etf
HDFCNEXT50,Etf
HDFCNIF100,Etf
HDFCNIFBAN,Etf
HDFCNIFIT,Etf
HDFCNIFTY,Etf
HDFCPSUBK,Etf
HDFCPVTBAN,It
HDFCQUAL,It
HDFCSENSEX,Etf
HDFCSILVER,Etf
HDFCSML250,It
HDFCVALUE,Etf
HEADSUP,Fashion
HEALTHADD,It
HEALTHCARE,It
HEALTHIETF,Etf
HEALTHY,It
HECPROJECT,Epc
HEG,Graphite
HEIDELBERG,Cement
HEMIPROP,Construction
HERANBA,Agrochem
HERITGFOOD,Fmcg
HEROMOTOCO,Auto
HESTERBIO,Pharma
HEXATRADEX,Finserv
HEXT,It
HFCL,Telecom
HGINFRA,Construction
HGM,It
HGS,Bpo
HIKAL,Chemicals
HIL,Building Materials
HILINFRA,Infrastructure
HIMATSEIDE,Textiles
HINDALCO,Metal
HINDCON,Chemicals
HINDCOPPER,Metal
HINDMOTORS,Auto
HINDNATGLS,Glass
HINDOILEXP,Oil Exploration
HINDPETRO,Oil
HINDUNILVR,Fmcg
HINDWAREAP,Building Materials
HINDZINC,Metal
HIRECT,Power Equipment
HISARMETAL,Metal
HITECH,Pipes
HITECHGEAR,Auto Ancillary
HLEGLAS,Glass
HMAAGRO,Food Processing
HMVL,Media
HNDFDS,Fmcg
HNGSNGBEES,Etf
HOMEFIRST,Nbfc
HONASA,Fmcg
HONDAPOWER,Power Equipment
HPAL,Chemicals
HPIL,Chemicals
HPL,Power
HSBCGOLD,Etf
HSCL,Chemicals
HTMEDIA,Media
HUBTOWN,Construction
HUDCO,Nbfc
HUHTAMAKI,Packaging
HYBRIDFIN,It
HYUNDAI,Auto
IBREALEST,Construction
IBULHSGFIN,Nbfc
ICICIAMC,Amc
ICICIB22,Etf
ICICIBANK,Banking
ICICIGI,Insurance
ICICIPRULI,Insurance
ICIL,Textiles
ICRA,Ratings
IDBI,Nbfc
IDEA,Telecom
IDEAFORGE,Defense
IDFC,Nbfc
IDFCFIRSTB,Banking
IDFNIFTYET,Etf
IEX,Energy Exchange
IFBAGRO,Agrochem
IFBIND,Consumer Durables
IFCI,Nbfc
IGARASHI,Auto Ancillary
IGCL,Fertilisers
IGL,Gas
IGPL,Petrochem
IIFL,Nbfc
IIFLCAPS,Broking
IIFLSEC,Broking
IITL,Finserv
IKS,It
IMAGICAA,Amusement Park
IMFA,Metal
IMPAL,Auto Ancillary
IMPEXFERRO,Metals
INDBANK,Banking
INDGN,Healthcare
INDHOTEL,Hotels
INDIACEM,Cement
INDIAGLYCO,Chemicals
INDIAMART,Ecommerce
INDIANB,Banking
INDIANCARD,Textiles
INDIANHUME,Pipes
INDIASHLTR,Nbfc
INDIGO,Airline
INDIGOPNTS,Paints
INDIQUBE,Office Space
INDNIPPON,Auto Ancillary
INDO-RE1,Power
INDO-RE2,Power
INDOAMIN,Chemicals
INDOBORAX,Chemicals
INDOCO,Pharma
INDOFARM,Epc
INDORAMA,Textiles
INDOSTAR,Nbfc
INDOTHAI,It
INDOWIND,Power
INDRAMEDCO,Hospital
INDSWFTLAB,Pharma
INDSWFTLTD,Pharma
INDTERRAIN,Clothing
INDUSINDBK,Banking
INDUSTOWER,Telecom
INFIBEAM,It
INFOBEAN,It
INFRA,It
INFRABEES,Etf
INFRAIETF,Etf
INFY,It
INGERRAND,Auto Ancillary
INNOVACAP,Pharma
INNOVANA,It
INNOVISION,Infrastructure
INOXGREEN,Power
INOXINDIA,Industrial Gas
INOXWIND,Power
INSECTICID,Agrochem
INSPIRISYS,It
INTELLECT,It
INTENTECH,It
INTERARCH,Building Materials
INTERNET,It
INVENT-RE,It
INVENTURE,It
IOB,Banking
IOC,Oil
IOLCP,Pharma
IONEXCHANG,Sewage Management
IPCALAB,Pharma
IPL,Agrochem
IRB,Construction
IRCON,Railways
IRCTC,Railways
IREDA,Power
IRFC,Railways
IRIS,Bpo
IRISDOREME,Textiles
ISEC,Broking
ISFT,Ecommerce
ISGEC,Engineering
ISHANCH,Chemicals
IT,It
ITADD,It
ITBEES,Etf
ITBETA,It
ITC,Fmcg
ITCHOTELS,Hotels
ITDC,Hotels
ITDCEM,Construction
ITETF,Etf
ITI,Telecom
ITIETF,Etf
IVALUE,Etf
IVC,It
IVP,Chemicals
IVZINNIFTY,Etf
IXIGO,Ecommerce
IZMO,It
J&KBANK,Banking
JAGRAN,Media
JAGSNPHARM,Pharma
JAIBALAJI,Steel
JAICORPLTD,Infra
JAINREC,Recycling
JAIPURKURT,Textiles
JAMNAAUTO,Auto Ancillary
JAYAGROGN,Chemicals
JAYBARMARU,Auto Ancillary
JAYKAY,Defense
JAYNECOIND,Metal
JBCHEPHARM,Pharma
JBMA,Ev
JCHAC,Aircon
JETFREIGHT,Logistics
JGCHEM,Chemicals
JINDALPHOT,Holding
JINDALPOLY,Packaging
JINDALSAW,Steel Pipes
JINDALSTEL,Metal
JINDRILL,Oil Exploration
JINDWORLD,Garments
JIOFIN,Nbfc
JISLDVREQS,Irrigation
JISLJALEQS,Irrigation
JITFINFRA,Power
JKCEMENT,Cement
JKIL,Epc
JKIPL,Epc
JKLAKSHMI,Cement
JKPAPER,Paper
JKTYRE,Tyres
JLHL,Healthcare
JMA,Auto Ancillary
JMFINANCIL,Nbfc
JOCIL,Chemicals
JPASSOCIAT,Construction
JPOLYINVST,Holding
JPPOWER,Power
JSFB,Banking
JSL,Steel
JSLL,Healthcare
JSWCEMENT,Cement
JSWENERGY,Power
JSWHL,Holding
JSWINFRA,Logistics
JSWSTEEL,Steel
JUBLCPL,Chemicals
JUBLFOOD,Fastfood
JUBLINDS,Restaurant
JUBLINGREA,Pharma
JUBLPHARMA,Pharma
JUNIORBEES,Etf
JUNIPER,Hotels
JUSTDIAL,Ecommerce
JWL,Railways
JYOTHYLAB,Fmcg
JYOTICNC,Construction
JYOTISTRUC,Infra
KAJARIACER,Tiles
KAKATCEM,Cement
KALAMANDIR,Clothing
KALPATARU,Real Estate
KALYANI,Epc
KALYANKJIL,Jewellers
KAMATHOTEL,Hotels
KAMDHENU,Building Materials
KAMOPAINTS,Paints
KANANIIND,Jewellers
KANORICHEM,Chemicals
KANSAINER,Paints
KARMAENG,Power
KARURVYSYA,Banking
KAVDEFENCE,Telecom
KAYNES,Ems
KCP,Sugar
KCPSUGIND,Sugar
KDDL,Retail
KEC,Infra
KECL,Electronics
KEI,Electronics
KELLTONTEC,It
KERNEX,It
KESORAMIND,Cement
KEYFINSERV,Nbfc
KFINTECH,Capital Market
KHADIM,Footwear
KHAICHEM,Chemicals
KHANDSE,It
KICL,Finserv
KILITCH,Pharma
KIMS,Hospital
KINGFA,Garments
KIOCL,Mining
KIRIINDUS,Chemicals
KIRLOSBROS,Pumps
KIRLOSENG,Engines
KIRLPNU,Compressor
KITEX,Clothing
KKCL,Clothing
KMEW,Marine Eng
KMSUGAR,Sugar
KNRCON,Construction
KOKUYOCMLN,Stationery
KOLTEPATIL,Construction
KOPRAN,Pharma
KOTAKBANK,Banking
KOTARISUG,Sugar
KOTHARIPET,Petrochem
KOTYARK,Oil & Gas
KPEL,Power
KPIGREEN,Renewable
KPIL,Infra
KPITTECH,It
KPRMILL,Sugar
KRBL,Fmcg
KREBSBIO,Pharma
KRIDHANINF,Epc
KRISHANA,Fertilisers
KRISHNADEF,Defense
KRN,Datacentre
KRONOX,Chemicals
KROSS,Auto Ancillary
KRSNAA,Healthcare
KSB,Pumps
KSCL,Seeds
KSL,Steel
KSOLVES,It
KTKBANK,Banking
KUANTUM,Paper
L&TFH,Nbfc
LAGNAM,Textiles
LAL,Textiles
LALPATHLAB,Diagonistic
LAMBODHARA,Textiles
LANCORHOL,Real Estate
LANDMARK,Construction
LANDSMILL,Renewable
LAOPALA,Consumer Durable
LASA,Pharma
LATENTVIEW,It
LAURUSLABS,Pharma
LAXMICOT,Textiles
LAXMIDENTL,Healthcare
LAXMIINDIA,Nbfc
LEMERITE,Textiles
LEMONTREE,Hotels
LENSKART,Ecommerce
LFIC,Finserv
LGBBROSLTD,Auto Ancillary
LIBAS,Clothing
LIBERTSHOE,Footwear
LICHSGFIN,Nbfc
LICI,Insurance
LICMFGOLD,Etf
LICNETFN50,Etf
LICNMID100,Etf
LIKHITHA,Infra
LINCOLN,Pharma
LINDEINDIA,Gases
LIQGRWBEES,Etf
LIQUID,Etf
LIQUID1,Etf
LIQUIDADD,Etf
LIQUIDBEES,Etf
LIQUIDBETF,Etf
LIQUIDCASE,Etf
LIQUIDETF,Etf
LIQUIDIETF,Etf
LIQUIDPLUS,Etf
LIQUIDSBI,Etf
LIQUIDSHRI,Etf
LLOYDSENGG,Engineering
LLOYDSENT,Metal
LLOYDSME,Metal
LODHA,Construction
LORDSCHLO,Chemicals
LOTUSDEV,Real Estate
LOTUSEYE,Healthcare
LOVABLE,Fashion Brand
LOWVOL,Etf
LOWVOL1,Etf
LOWVOLIETF,Etf
LOYALTEX,Textiles
LPDC,Real Estate
LT,Construction
LTF,Nbfc
LTFOODS,Fmcg
LTGILTBEES,Etf
LTGILTCASE,Etf
LTIM,It
LTM,It
LTTS,It
LUMAXIND,Auto Ancillary
LUMAXTECH,Auto Ancillary
LUPIN,Pharma
LUXIND,Clothing
LXCHEM,Chemicals
LYKALABS,Pharma
M&M,Auto
M&MFIN,Nbfc
MAANALU,Aluminium
MADHUCON,Infra
MADRASFERT,Fertilisers
MAFANG,Etf
MAGADSUGAR,Sugar
MAGNUM,Paper
MAHABANK,Banking
MAHAPEXLTD,Finserv
MAHASTEEL,Steel
MAHEPC,Irrigation
MAHESHWARI,Diversified
MAHKTECH,It
MAHLIFE,Construction
MAHLOG,Logistics
MAHSCOOTER,Holding
MAHSEAMLES,Steel Pipes
MAITHANALL,Metal
MAKEINDIA,It
MALUPAPER,Paper
MANAKALUCO,Metals
MANAKCOAT,Steel
MANAKSTEEL,Steel
MANALIPETC,Petrochemicals
MANAPPURAM,Nbfc
MANBA,Finserv
MANCREDIT,Finserv
MANGALAM,Cement
MANGCHEFER,Fertilisers
MANGLMCEM,Cement
MANINDS,Steel Pipes
MANINFRA,Infra
MANKIND,Pharma
MANOMAY,Textiles
MANORG,Chemicals
MANUFGBEES,Etf
MANYAVAR,Clothing
MAPMYINDIA,It
MARALOVER,Textiles
MARATHON,Real Estate
MARICO,Fmcg
MARKOLINES,Epc
MARKSANS,Pharma
MARUTI,Auto
MASFIN,Nbfc
MASKINVEST,Finserv
MASPTOP50,It
MASTEK,It
MASTERTR,It
MATRIMONY,Ecommerce
MAWANASUG,Sugar
MAXESTATES,Construction
MAXHEALTH,Hospital
MAXIND,Finserv
MAYURUNIQ,Auto Ancillary
MAZDA,Auto Ancillary
MAZDOCK,Shipbuilder
MBAPL,Fertilisers
MBECL,Epc
MBEL,Peb
MBLINFRA,Construction
MCDOWELL-N,Fmcg
MCL,Finserv
MCLEODRUSS,Tea
MCLOUD,It
MCX,Capital Market
MEDANTA,Hospital
MEDIASSIST,Insurance
MEDICAMEQ,Pharma
MEDICO,Pharma
MEDPLUS,Ecommerce
MEESHO,Retail
MEGASOFT,It
MEGASTAR,It
MENONBE,Bearing
MEP,Infrastructure
METAL,It
METALIETF,Etf
METROBRAND,Footwear
METROPOLIS,Diagonistic
MFML,Auto Ancillary
MFSL,Insurance
MGL,Gas
MHLXMIRU,Textiles
MHRIL,Hotels
MID150,Etf
MID150BEES,Etf
MID150CASE,Etf
MIDCAP,Etf
MIDCAPADD,Etf
MIDCAPBETA,Etf
MIDCAPETF,Etf
MIDCAPIETF,Etf
MIDHANI,Defense
MIDQ50ADD,Etf
MIDSELIETF,Etf
MIDSMALL,Etf
MIDWESTLTD,Granite
MINDACORP,Auto Ancillary
MINDTECK,It
MIRCELECTR,Consumer Durables
MIRZAINT,Footwear
MITTAL,Textiles
MMP,Metals
MMTC,Metal
MNC,It
MOALPHA50,It
MOCAPITAL,It
MODEFENCE,It
MODIS,Real Estate
MODISONLTD,Electrical
MODTHREAD,Textiles
MOENERGY,It
MOGOLD,Etf
MOGSEC,It
MOHEALTH,It
MOHITIND,Textiles
MOIL,Metal
MOINFRA,It
MOIPO,It
MOL,Chemicals
MOLDTECH,Epc
MOLDTKPAC,Packaging
MOLOWVOL,Etf
MOM100,Etf
MOM30IETF,Etf
MOM50,Etf
MOMENTUM,Etf
MOMENTUM30,Etf
MOMENTUM50,Etf
MOMGF,Etf
MOMIDMTM,Etf
MOMNC,Etf
MOMOMENTUM,Etf
MON100,Etf
MON50EQUAL,Etf
MONARCH,Broking
MONEXT50,It
MONEYBOXX,Finserv
MONIFTY100,Etf
MONIFTY500,Etf
MONQ50,It
MONTECARLO,Clothing
MOPSE,Etf
MOQUALITY,Etf
MORARJEE,Textiles
MOREALTY,It
MOREPENLAB,Pharma
MOSCHIP,Electronics
MOSERVICE,It
MOSILVER,Etf
MOSMALL250,Etf
MOTHERSON,Auto Ancillary
MOTILALOFS,Amc
MOTISONS,Jewellers
MOTOGENFIN,Nbfc
MOTOUR,It
MOVALUE,Etf
MPHASIS,It
MPSLTD,It
MRF,Tyres
MRO-TEK,Networking
MRPL,Petrochemicals
MSCIADD,It
MSCIINDIA,It
MSUMI,Auto Ancillary
MTARTECH,Defense
MTEDUCARE,Education
MTNL,Telecom
MUFIN,Nbfc
MUFTI,Clothing
MUKANDLTD,Metals
MUKTAARTS,Media
MULTICAP,It
MUNJALAU,Auto Ancillary
MUNJALSHOW,Auto Ancillary
MURUDCERA,Tiles
MUTHOOTCAP,Nbfc
MUTHOOTFIN,Nbfc
MUTHOOTMF,Nbfc
NACLIND,Fertilisers
NAGAFERT,Fertilisers
NAGREEKCAP,Finserv
NAGREEKEXP,Textiles
NAHARCAP,Finserv
NAHARINDUS,Textiles
NAHARPOLY,Packaging
NAHARSPING,Textiles
NAM-INDIA,Amc
NANDANI-RE,Textiles
NATCAPSUQ,Pharma
NATCOPHARM,Pharma
NATHBIOGEN,Seeds
NATIONALUM,Metal
NAUKRI,Ecommerce
NAVA,Metal
NAVINFLUOR,Chemicals
NAVINIFTY,Etf
NAVKARCORP,Logistics
NAVKARURB,Epc
NAVNETEDUL,Education
NAZARA,Ecommerce
NBCC,Construction
NBIFIN,Nbfc
NCC,Construction
NCLIND,Cement
NDGL,Tea
NDL,Textiles
NDLVENTURE,Finserv
NDRAUTO,Auto Ancillary
NDTV,Media
NECCLTD,Logistics
NECLIFE,Pharma
NELCO,Telecom
NEOGEN,Chemicals
NEPHROPLUS,Hospital
NESCO,Construction
NESTLEIND,Fmcgt
NETF,Etf
NETWEB,Datacentre
NETWORK18,Media
NEULANDLAB,Pharma
NEWGEN,It
NEXT30ADD,It
NEXT50,It
NEXT50ADD,It
NEXT50BETA,It
NEXT50ETF,Etf
NEXT50IETF,Etf
NEXTMEDIA,Media
NFL,Fertilisers
NGLFINE,Chemicals
NH,Hospital
NHPC,Power
NIACL,Insurance
NIBE,Defense
NIBL,Bearing
NIF100BEES,Etf
NIF100IETF,Etf
NIFTY1,Etf
NIFTY100EW,Etf
NIFTYADD,Etf
NIFTYBEES,Etf
NIFTYBETA,Etf
NIFTYBETF,Etf
NIFTYCASE,Etf
NIFTYETF,Etf
NIFTYIETF,Etf
NIFTYQLITY,Etf
NIITLTD,It
NIITMTS,It
NILAINFRA,Real Estate
NILASPACES,Real Estate
NILKAMAL,Consumer Durables
NIMBSPROJ,Real Estate
NINSYS,It
NIPPOBATRY,Consumer Electronics
NIRAJ,Epc
NITCO,Tiles
NITINSPIN,Textiles
NIVABUPA,Insurance
NLCINDIA,Coal
NMDC,Metal
NOCIL,Chemicals
NOIDATOLL,Infrastructure
NORTHARC,Finserv
NOVAAGRI,Fertilisers
NRAIL,Paper
NRBBEARING,Bearing
NRL,Metals
NSIL,Holding
NSLNISP,Metals
NTPC,Power
NTPCGREEN,Power
NUCLEUS,It
NURECA,Healthcare
NUVAMA,Amc
NUVOCO,Cement
NV20,It
NV20BEES,Etf
NV20IETF,Etf
NYKAA,Ecommerce
OAL,Chemicals
OBCL,Logistics
OBEROIRLTY,Construction
OCCL,Chemicals
OCCLLTD,Chemicals
ODIGMA,It
OFSS,It
OIL,Oil
OILCOUNTUB,Oil Exploration
OILIETF,Etf
OLAELEC,Ev
OLECTRA,Ev
OMAXAUTO,Auto Ancillary
OMAXE,Construction
OMFREIGHT,Logistics
OMINFRAL,Epc
OMNI,Engineering
ONECAP-RE,It
ONELIFECAP,Nbfc
ONEPOINT,It
ONESOURCE,Pharma
ONGC,Oil
ONMOBILE,It
ONWARDTEC,It
OPTIEMUS,Ems
ORBTEXP,Textiles
ORCHASP,It
ORCHPHARMA,Pharma
ORIENTBELL,Tiles
ORIENTCEM,Cement
ORIENTCER,Tiles
ORIENTELEC,Consumer Electronics
ORIENTHOT,Hotels
ORIENTPPR,Paper
ORIENTTECH,Datacentre
ORISSAMINE,Metal
ORTINGLOBE,Pharma
ORTINLAB,Pharma
OSIAHYPER,Retail
OSWALGREEN,Finserv
OSWALPUMPS,Pumps
PACEDIGITK,Telecom
PAGEIND,Clothing
PAISALO,Nbfc
PAKKA,Packaging
PALREDTEC,It
PANACEABIO,Pharma
PANACHE,Hardware
PANAMAPET,Petrochemicals
PANSARI,Real Estate
PAR,Pharma
PARADEEP,Fertilisers
PARAGMILK,Milk
PARAS,Defense
PARASPETRO,Finserv
PARKHOSPS,Hospital
PARKHOTELS,Hotels
PARSVNATH,Construction
PASHUPATI,Textiles
PASUPTAC,Chemicals
PATANJALI,Fmcg
PATELENG,Epc
PATELRMART,Retail
PATINTLOG,Logistics
PAUSHAKLTD,Chemicals
PAYTM,Ecommerce
PCBL,Chemicals
PCJEWELLER,Jewellers
PDMJEPAPER,Paper
PDSL,Textiles
PEL,Conglomerate
PENIND,Manufacturing
PENINLAND,Construction
PERSISTENT,It
PETRONET,Petrochmicals
PFC,Power
PFIZER,Pharma
PFOCUS,Media
PFS,Power
PGEL,Ems
PGHH,Fmcg
PGHL,Pharma
PGIL,Clothing
PHARMABEES,Etf
PHOENIXLTD,Real Estate
PICCADIL,Fmcg
PIDILITIND,Fmcg
PIIND,Agrochem
PILANIINVS,Finserv
PIONEEREMB,Textiles
PIRAMALFIN,Nbfc
PLASTIBLEN,Chemicals
PLATIND,Pvc Pipes
PNB,Banking
PNBGILTS,Nbfc
PNBHOUSING,Nbfc
PNC,Media
PNCINFRA,Infra
POCL,Recycling
PODDARMENT,Chemicals
POKARNA,Granite
POLICYBZR,Ecommerce
POLYCAB,Consumer Durables
POLYMED,Pharma
POLYPLEX,Packaging
PONNIERODE,Sugar
POONAWALLA,Nbfc
POWERGRID,Power
POWERICA,Power Equipment
POWERINDIA,Power Equipment
POWERMECH,Construction
PPAP,Auto Ancillary
PPLPHARMA,Pharma
PRABHA,Oil & Gas
PRABHA-RE,Oil & Gas
PRAENG,Real Estate
PRAJIND,Biofuel
PRAKASH,Metals
PRAKASHSTL,Steel
PRAXIS,Retail
PRAXIS-RE2,Retail
PRECAM,Auto Ancillary
PRECOT,Textiles
PRECWIRE,Wiring
PREMEXPLN,Defense
PRESTIGE,Construction
PRICOLLTD,Auto Ancillary
PRIMESECU,Finserv
PRIMO,Chemicals
PRINCEPIPE,Pvc Pipes
PRIVISCL,Chemicals
PROSTARM,Power Equipment
PROTEAN,It
PROZONER,Real Estate
PRSMJOHNSN,Cement
PRUDENT,Amc
PSB,Banking
PSPPROJECT,Infra
PSUBANK,Etf
PSUBANKADD,Etf
PSUBNKBEES,Etf
PSUBNKIETF,Etf
PTC,Power
PTCIL,Defense
PUNJABCHEM,Chemicals
PURVA,Construction
PVP,Real Estate
PVRINOX,Multiplex
PVSL,Auto
PVTBANIETF,Etf
PVTBANKADD,Etf
QNIFTY,Etf
QPOWER,Power Equipment
QUAL30IETF,Etf
QUALITY30,Etf
QUESS,Manpower
QUICKHEAL,It
QUINTEGRA,It
RACE,Power
RACLGEAR,Auto Ancillary
RADHIKAJWE,Jewellers
RADICO,Alcohol
RADIOCITY,Radio
RAILTEL,Railways
RAIN,Aluminium
RAINBOW,Hospital
RAJESHEXPO,Etf
RAJRATAN,Auto Ancillary
RAJRILTD,Textiles
RAJSREESUG,Sugar
RAJTV,Media
RALLIS,Agrochem
RAMANEWS,Sugar
RAMAPHO,Fertilisers
RAMASTEEL,Steel
RAMCOCEM,Cement
RAMCOIND,Building Materials
RAMCOSYS,It
RAMKY,Infra
RAMRAT,Wires
RANASUG,Sugar
RANEENGINE,Auto Ancillary
RANEHOLDIN,Auto Ancillary
RATEGAIN,It
RATNAMANI,Steel Pipes
RAYMOND,Textiles
RAYMONDLSL,Textiles
RAYMONDREL,Real Estate
RBA,Restaurant
RBL,Auto Ancillary
RBLBANK,Banking
RBZJEWEL,Jewellers
RCF,Fertilisers
RCOM,Telecom
RECLTD,Nbfc
REDINGTON,Retail
REDTAPE,Footwear
REFEX,Refrigrant
RELAXO,Footwear
RELCHEMQ,Chemicals
RELIABLE,Finserv
RELIANCE,Oil
RELIGARE,Nbfc
RELINFRA,Power
RENUKA,Sugar
REPCOHOME,Nbfc
REPL,Real Estate
REPRO,It
RETAIL,Retail
RHFL,Finserv
RHIM,Refractory
RICOAUTO,Auto Ancillary
RIIL,Infra
RISHABH,Electricals
RITCO,Logistics
RITES,Railways
RKDL,Alcohol
RKEC,Epc
RKFORGE,Railways
RKSWAMY,Advertising
RMC,Power Equipment
RNBDENIMS,Textiles
ROHLTD,Hotels
ROLEXRINGS,Auto Ancillary
ROSSARI,Pharma
ROSSELLIND,Tea
ROSSTECH,Defense
ROUTE,It
RPGLIFE,Pharma
RPOWER,Power
RPPINFRA,Infra
RPSGVENT,Holding
RPTECH,It
RRKABEL,Consumer Durables
RSSOFTWARE,It
RSWM,Textiles
RSYSTEMS,It
RTNINDIA,Retail
RTNPOWER,Power
RUBICON,Pharma
RUBYMILLS,Textiles
RUCHIRA,Paper
RUPA,Clothing
RUSTOMJEE,Real Estate
RVHL,Real Estate
RVNL,Railways
SABEVENTS,Media
SADBHAV,Infra
SADBHIN,Epc
SADHNA-RE,Chemicals
SADHNANIQ,Chemicals
SAFARI,Luggage
SAGCEM,Cement
SAGILITY,It
SAHYADRI,Epc
SAIL,Steel
SAILIFE,Pharma
SAIPARENT,Pharma
SAKAR,Pharma
SAKHTISUG,Sugar
SAKSOFT,It
SALASAR,It
SALONA,Textiles
SALSTEEL,Metals
SALZERELEC,Electronics
SAMBHAAV,Media
SAMMAANCAP,Finserv
SANATHAN,Textiles
SANDESH,Media
SANDUMA,Metal
SANG-RE,Chemicals
SANGAMIND,Textiles
SANGHIIND,Cement
SANGHVIMOV,Logistics
SANGINITA,Chemicals
SANOFI,Pharma
SANOFICONR,Pharma
SANSTAR,Food Processing
SAPPHIRE,Restaurant
SARDAEN,Metal
SAREGAMA,Media
SARLAPOLY,Textiles
SASKEN,It
SASTASUNDR,Ecommerce
SATIA,Paper
SATIN,Nbfc
SAURASHCEM,Chemicals
SBC,Textiles
SBFC,Finserv
SBGLP,Real Estate
SBIBPB,It
SBICARD,Financial Services
SBIETFCON,Etf
SBIETFIT,Etf
SBIETFPB,Etf
SBILIFE,Insurance
SBILIQETF,Etf
SBIMIDMOM,Etf
SBIN,Banking
SBINEQWETF,Etf
SBISILVER,Etf
SCHAEFFLER,Auto Ancillary
SCHAND,Education
SCHNEIDER,Electronics
SCI,Shipping
SCILAL,Real Estate
SCODATUBES,Steel Pipes
SDBL,Alcohol
SDL26BEES,Etf
SEAMECLTD,Shipping
SECMARK,It
SECURKLOUD,It
SELAN,Oil Exploration
SELECTIPO,It
SELMC,Textiles
SEMAC,Epc
SENCO,Jewellers
SENORES,Pharma
SENSEXADD,Etf
SENSEXBETA,Etf
SENSEXETF,Etf
SENSEXIETF,Etf
SEPC,Epc
SEPC-RE3,Epc
SEQUENT,Pharma
SESHAPAPER,Paper
SETCO,Jewellers
SETF10GILT,Etf
SETFGOLD,Etf
SETFNIF50,Etf
SETFNIFBK,Etf
SETFNN50,Etf
SEYAIND,Chemicals
SGFIN,Finserv
SGL,Textiles
SGMART,Building Materials
SHADOWFAX,Logistics
SHAILY,Plastics
SHAKTIPUMP,Irrigation
SHALBY,Hospital
SHALPAINTS,Paints
SHANKARA,Retail
SHANTIGEAR,Auto Ancillary
SHARDACROP,Agrochem
SHARDAMOTR,Auto Ancillary
SHAREINDIA,It
SHARIABEES,Etf
SHEKHAWATI,Textiles
SHEMAROO,Media
SHILPAMED,Pharma
SHIVALIK,Fertilisers
SHIVAMAUTO,Auto Ancillary
SHIVAMILLS,Textiles
SHIVATEX,Textiles
SHK,Chemicals
SHOPERSTOP,Retail
SHRADHA,Real Estate
SHREDIGCEM,Cement
SHREECEM,Cement
SHREEJISPG,Shipping
SHREEPUSHK,Agrochem
SHRENIK,Paper
SHREYANIND,Paper
SHRIPISTON,Auto Ancillary
SHRIRAMFIN,Nbfc
SHRIRAMPPS,Construction
SHYAMCENT,Cement
SHYAMMETL,Metal
SHYAMTEL,Telecom
SICAL-RE,Logistics
SICALLOG,Logistics
SIEMENS,Electronics
SIGACHI,Pharma
SIGMA,It
SIGMAADV,Defense
SIGNATURE,Real Estate
SIGNPOST,Media
SIKKO,Fertilisers
SIL,Real Estate
SILINV,Finserv
SILLYMONKS,Media
SILVER,Etf
SILVER1,Etf
SILVER360,Etf
SILVERADD,Etf
SILVERAG,Etf
SILVERBEES,Etf
SILVERBETA,Etf
SILVERBND,Etf
SILVERCASE,Etf
SILVERIETF,Etf
SILVERTUC,Etf
SIMPLEXINF,Epc
SINCLAIR,Hotels
SIRCA,Paints
SIS,Manpower
SIYSIL,Textiles
SJS,Graphics
SJVN,Power
SKFINDIA,Bearing
SKIL,Epc
SKIPPER,Epc
SKMEGGPROD,Food Processing
SKYGOLD,Etf
SMALL250,Etf
SMALLADD,Etf
SMALLCAP,Etf
SMARTLINK,It
SMCGLOBAL,Brokerage
SML100CASE,It
SMLISUZU,Auto
SMLMAH,Auto
SMSLIFE,Pharma
SMSPHARMA,Pharma
SNOWMAN,Logistics
SNXT30BEES,Etf
SNXT50BETA,It
SOBHA,Construction
SOFTTECH,It
SOLARA,Pharma
SOLARINDS,Defense
SOLARWORLD,Epc
SOMANYCERA,Tiles
SOMATEX,Textiles
SONACOMS,Auto Ancillary
SONATSOFTW,It
SOTL,Oil & Gas
SOUTHBANK,Banking
SPAL,Textiles
SPANDANA,Nbfc
SPARC,Pharma
SPECIALITY,Restaurant
SPENCERS,Retail
SPIC,Petrochem
SPLIL,Textiles
SPLPETRO,Petrochem
SPMLINFRA,Infra
SPORTKING,Clothing
SRD,Chemicals
SRF,Chemicals
SRGHFL,Finserv
SRHHYPOLTD,Agrochem
SRM,Epc
SRTL,Textiles
SSDL,Textiles
STALL-RE,Chemicals
STALLION,Chemicals
STANLEY,Retail
STAR,Pharma
STARCEMENT,Cement
STARHEALTH,Insurance
STARPAPER,Paper
STARTECK,Finserv
STEELCITY,It
STEL,Finserv
STLNETWORK,Telecom
STLTECH,Networking
STOVEKRAFT,Consumer Durable
STYLEBAAZA,Retail
STYRENIX,Chemicals
SUBEXLTD,It
SUBROS,Auto Ancillary
SUDARCOLOR,Chemicals
SUDARSCHEM,Chemicals
SUDEEPPHRM,Pharma
SULA,Alcohol
SUMEETINDS,Textiles
SUMICHEM,Agrochem
SUMIT,Real Estate
SUMMITSEC,Finserv
SUNCLAY,Auto Ancillary
SUNDARAM,Auto Ancillary
SUNDARMFIN,Nbfc
SUNDARMHLD,Auto Ancillary
SUNDRMBRAK,Auto Ancillary
SUNDRMFAST,Auto Ancillary
SUNFLAG,Steel
SUNPHARMA,Pharma
SUNTECK,Construction
SUNTV,Media
SUPERHOUSE,Textiles
SUPERSPIN,Textiles
SUPRAJIT,Auto Ancillary
SUPREME,Real Estate
SUPREMEIND,Pvc Pipes
SUPRIYA,Pharma
SURAJEST,Real Estate
SURAJLTD,Auto Ancillary
SURAKSHA,Healthcare
SURYALAXMI,Cotton
SURYAROSNI,Steel Pipes
SURYODAY,Banking
SUTLEJTEX,Textiles
SUVEN,Pharma
SUVENPHAR,Pharma
SUYOG,Telecom
SUZLON,Renewable
SVLL,Logistics
SVPGLOB,Textiles
SWANCORP,Chemicals
SWANENERGY,Renewable
SWARAJENG,Auto
SWELECTES,It
SWIGGY,Retail
SWSOLAR,Renewable
SYMPHONY,Consumer Durable
SYNCOMF,Pharma
SYNGENE,Pharma
SYRMA,Ems
SYSTMTXC,It
TAINWALCHM,Chemicals
TAJGVK,Hotels
TAKE,It
TALBROAUTO,Auto Ancillary
TANLA,It
TARACHAND,Logistics
TARC,Construction
TARMAT,Epc
TARSONS,Plastics
TASTYBITE,Fmcg
TATACAP,Finserv
TATACHEM,Chemicals
TATACOFFEE,Fmcg
TATACOMM,Telecom
TATACONSUM,Fmcg
TATAELXSI,It
TATAGOLD,Etf
TATAINVEST,Holding
TATAMETALI,Metal
TATAMOTORS,Auto
TATAMTRDVR,Auto
TATAPOWER,Power
TATASTEEL,Steel
TATATECH,It
TATSILV,It
TATVA,Pharma
TBZ,Jewellers
TCC,Retail
TCI,Logistics
TCIEXP,Logistics
TCIFINANCE,Nbfc
TCNSBRANDS,Clothing
TCPLPACK,Packaging
TCS,It
TDPOWERSYS,Power Equipment
TEAMGTY,Finserv
TEAMLEASE,Manpower
TECH,It
TECHIN,Real Estate
TECHM,It
TECHNOE,Power Equipment
TECILCHEM,Chemicals
TEGA,Mining
TEJASNET,Broadband
TERASOFT,It
TEXMOPIPES,Pipes
TEXRAIL,Railways
TFCILTD,Nbfc
TFL,Finserv
TGBHOTELS,Hotels
THANGAMAYL,Jewellers
THEINVEST,Finserv
THEMISMED,Pharma
THERMAX,Manufacturing
THOMASCOOK,Travel
THOMASCOTT,Clothing
THYROCARE,Diagonistic
TI,Alcohol
TICL,Epc
TIDEWATER,Lubricant
TIGERLOGS,Logistics
TIINDIA,Holding
TIL,Epc
TIL-RE1,Epc
TIMETECHNO,Pipes
TIMKEN,Bearing
TINPLATE,Steel
TIPSFILMS,Media
TIPSINDLTD,Media
TIRUMALCHM,Chemicals
TITAGARH,Railways
TITAN,Retail
TMB,Banking
TMCV,Auto
TMPV,Auto
TNIDETF,Etf
TNPETRO,Petrochem
TNPL,Paper
TNTELE,Telecom
TOKYOPLAST,Consumer Durable
TOP100CASE,Etf
TOP10ADD,Etf
TOP15IETF,Etf
TOP20,It
TORNTPHARM,Pharma
TORNTPOWER,Power
TOTAL,Logistics
TPHQ,Epc
TRANSRAILL,T&D
TRANSWORLD,Logistics
TREEHOUSE,Education
TREJHARA,It
TREL,Logistics
TRENT,Retail
TRIDENT,Textiles
TRIGYN,It
TRIL,Power Equipment
TRITURBINE,Power Equipment
TRIVENI,Sugar
TRU,Finserv
TSFINV,Finserv
TTKHLTCARE,Pharma
TTKPRESTIG,Consumer Durable
TTL,Textiles
TTML,Telecom
TV18BRDCST,Media
TVSELECT,Electronics
TVSHLTD,Holding
TVSMOTOR,Auto
TVSSCS,Logistics
TVSSRICHAK,Tyres
TVTODAY,Media
TVVISION,Media
TWCGOLDETF,Etf
UBL,Alcohol
UCAL,Auto Ancillary
UCOBANK,Banking
UDAICEMENT,Cement
UEL,Power
UFLEX,Packaging
UFO,Media
UGARSUGAR,Sugar
UGROCAP,Finserv
UJJIVAN,Banking
UJJIVANSFB,Banking
ULTRACEMCO,Cement
UMANGDAIRY,Milk
UMIYA-MRO,Telecom
UNICHEMLAB,Pharma
UNIECOM,It
UNIENTER,Chemicals
UNIINFO,Telecom
UNIMECH,Defense
UNIONBANK,Banking
UNIONGOLD,Etf
UNIPARTS,Auto Ancillary
UNITDSPR,Alcohol
UNITECH,Real Estate
UNITEDPOLY,Textiles
UNIVAFOODS,Hotels
UNIVASTU,Epc
UNIVCABLES,Cable
UNOMINDA,Auto Ancillary
UPL,Fertilisers
URBANCO,Ecommerce
USHAMART,Steel
USK,Epc
UTIAMC,Amc
UTKARSHBNK,Banking
UTTAMSUGAR,Sugar
UYFINCORP,Finserv
V2RETAIL,Retail
VADILALIND,Fmcg
VAIBHAVGBL,Ecommerce
VAISHALI,Pharma
VAKRANGEE,It
VAL30IETF,Etf
VALIANTLAB,Chemicals
VALIANTORG,Chemicals
VALUE,Etf
VARDHACRLC,Textiles
VARDMNPOLY,Textiles
VARROC,Auto Ancillary
VASCONEQ,Construction
VASWANI,Metals
VBL,Fmcg
VCL,Textiles
VEDL,Metal
VEEDOL,Oil & Gas
VENKEYS,Food Processing
VENUSPIPES,Pipes
VENUSREM,Pharma
VERTOZ,Advertising
VETO,Power Equipment
VGL,Textiles
VGUARD,Consumer Durables
VHL,Finserv
VIDHIING,Chemicals
VIJAYA,Diagonistic
VIJIFIN,Finserv
VIKASECO,Chemicals
VIKRAN,Epc
VIMTALABS,Pharma
VINATIORGA,Chemicals
VINCOFE,Coffee
VINDHYATEL,Cable
VINEET-RE,Pharma
VINEETLAB,Pharma
VINNY,Textiles
VINYLINDIA,Chemicals
VIPCLOTHNG,Clothing
VIPIND,Luggage
VIPULLTD,Real Estate
VIRINCHI,It
VISAKAIND,Cement
VISASTEEL,Steel
VISHNU,Chemicals
VITAL,Chemicals
VIVIDHA,Textiles
VIVIMEDLAB,Pharma
VIYASH,Pharma
VLEGOV,It
VLSFINANCE,Nbfc
VMART,Retail
VMM,Retail
VOLTAMP,Power Equipment
VOLTAS,Consumer Durables
VPRPL,Sewage
VRAJ,Metals
VRLLOG,Logistics
VSSL,Steel
VSTIND,Fmcg
VSTL,Steel Pipes
VSTTILLERS,Auto
VTL,Cable
WABAG,Sewage
WALCHANNAG,Epc
WANBURY,Pharma
WCIL,Logistics
WEALTH,Finserv
WEBELSOLAR,Renewables
WEIZMANIND,Textiles
WELCORP,Steel Pipes
WELENT,Epc
WELINV,Holding
WELSPUNLIV,Home Textiles
WENDT,Abrasives
WESTLIFE,Restaurant
WHEELS,Auto Ancillary
WHIRLPOOL,Consumer Durables
WILLAMAGOR,Finserv
WINDLAS,Pharma
WINSOME,Textiles
WIPRO,It
WOCKPHARMA,Pharma
WONDERLA,Amusement Park
WSI,Epc
WSTCSTPAPR,Paper
XCHANGING,It
XELPMOC,It
XTGLOBAL,It
YAARI,Advertising
YASHO,Chemicals
YATHARTH,Hospital
YATRA,Ecommerce
YESBANK,Banking
ZAGGLE,It
ZEEL,Media
ZEELEARN,Education
ZEEMEDIA,Media
ZENSARTECH,It
ZENTEC,Defense
ZFCVINDIA,Auto Ancillary
ZIMLAB,Pharma
ZODIAC,Epc
ZODIACLOTH,Clothing
ZOMATO,Ecommerce
ZOTA,Pharma
ZUARI,Agrochem
ZUARIIND,Fertilisers
ZYDUSLIFE,Pharma
ZYDUSWELL,Fmcg
